,Reference,Use,Family,Given,Prefix
0,8c95253e-8ee8-9ae8-6d40-021d702dc78e,official,Dickens475,Aaron697,Mr.
1,6fa23508-960e-ff22-c3d0-0519a036543b,official,Jerde200,Aaron697,Mr.
2,83524678-9bff-93b7-ef89-d7f5390072ff,official,Price929,Abbey813,Ms.
3,4e343b0a-8698-b6dd-64c6-c2d2d0959e6e,official,Hansen121,Beth967,Mrs.
4,4e343b0a-8698-b6dd-64c6-c2d2d0959e6e,maiden,Lind531,Beth967,Mrs.
5,6e4ac285-2a8d-a30d-5ecb-e32cb595a876,official,Anderson154,Bette450,Mrs.
6,6e4ac285-2a8d-a30d-5ecb-e32cb595a876,maiden,Osinski784,Bette450,Mrs.
7,1029f880-d3db-f477-9da3-f59c14ed22c6,official,Breitenberg711,Bill567,Mr.
8,a18edb30-e93c-8e9b-8e6a-95a651a24a36,official,Kuhlman484,Blanch844,Mrs.
9,a18edb30-e93c-8e9b-8e6a-95a651a24a36,maiden,Rowe323,Blanch844,Mrs.
10,f406a4e8-821b-0c9a-c8ec-09ad0f1fe9c6,official,Mohr916,Bob965,Mr.
11,b8c71fe0-e911-205e-19c3-b92e88e5b5a6,official,Beer512,Bobbi508,Mrs.
12,b8c71fe0-e911-205e-19c3-b92e88e5b5a6,maiden,Auer97,Bobbi508,Mrs.
13,e5b7d947-da2b-9cf4-12a0-9eb2cf735330,official,Crooks415,Chase54,Mr.
14,b0478b4f-16f2-af38-d199-44db19304df2,official,Klocko335,Chase54,Mr.
15,0f978b87-8054-e6d3-aa03-20e101ea37c0,official,Larson43,Chelsie189,Mrs.
16,0f978b87-8054-e6d3-aa03-20e101ea37c0,maiden,Weimann465,Chelsie189,Mrs.
17,64cdd7b0-d5a5-ca8a-4b03-3db12d7534be,official,Reinger292,Cherie102,
18,cced3031-d98c-d870-5dce-f0086d8c7a34,official,Wilkinson796,Deedra511,Ms.
19,7c4e1f8e-29e4-f88f-095a-aa6a9f55e6de,official,Fahey393,Deena887,Mrs.
20,7c4e1f8e-29e4-f88f-095a-aa6a9f55e6de,maiden,Dibbert990,Deena887,Mrs.
21,91cf58f9-191c-3a49-a979-2ca64e52c369,official,Farrell962,Delbert384,Mr.
22,cf3ce382-cceb-1557-89ac-b751a9e0e65d,official,Murphy561,Delfina519,Mrs.
23,cf3ce382-cceb-1557-89ac-b751a9e0e65d,maiden,Weissnat378,Delfina519,Mrs.
24,1ba50d39-8105-69de-09de-c6d5358b3cb6,official,Beier427,Delia459,Mrs.
25,1ba50d39-8105-69de-09de-c6d5358b3cb6,maiden,Casper496,Delia459,Mrs.
26,b0f40536-9dc8-2ea0-0bbf-467a69f5e3ad,official,Ratke343,Della552,Mrs.
27,b0f40536-9dc8-2ea0-0bbf-467a69f5e3ad,maiden,Rutherford999,Della552,Mrs.
28,6a15a792-ed41-e1f3-b942-3c2bd4a01ad6,official,Lesch175,Delmar187,
29,bdb76eef-1faf-1ed7-d1ff-553d7df26fb3,official,Volkman526,Eveline832,Ms.
30,8a3247d3-a54c-43f2-2c5d-a8f5e28ff588,official,Littel644,Everett935,Mr.
31,7b3071eb-aacb-0596-d7b5-4abcb83ac2f0,official,Jerde200,Everette494,Mr.
32,ac00ac90-9af7-5b4f-aca4-8b1b9990fc1a,official,Hayes766,Evon528,Ms.
33,6dcdc387-88f9-758d-260c-4235ac7c269f,official,Crist667,Genevive999,Mrs.
34,6dcdc387-88f9-758d-260c-4235ac7c269f,maiden,Schamberger479,Genevive999,Mrs.
35,839e7cf9-b7d6-da6c-70bb-c151bf5c1c61,official,Hansen121,Georgann131,Mrs.
36,839e7cf9-b7d6-da6c-70bb-c151bf5c1c61,maiden,Rau926,Georgann131,Mrs.
37,d8cb2b2b-fee1-36de-2e1e-0fda2ed1d991,official,Kassulke119,George991,Mr.
38,e94401de-18ad-e190-9113-ee5ff31b1439,official,Jacobi462,Georgiana151,Mrs.
39,e94401de-18ad-e190-9113-ee5ff31b1439,maiden,Stoltenberg489,Georgiana151,Mrs.
40,e9200276-eb25-ac87-e3bf-31de7e8d0b1e,official,Ledner144,Georgianna701,
41,0d55a582-07fe-a897-776c-3ab5e48cd457,official,Hahn503,Gilma310,Ms.
42,0d7ad451-ac1b-dc0e-48bd-e0a8e1de4f15,official,Haley279,Giuseppe872,Mr.
43,3d496c42-21f9-8e42-aa2b-d021a1b79d46,official,Glover433,Glen190,Mr.
44,720d476c-6392-bc86-3640-bf2ee18d071a,official,Bañuelos542,Gonzalo160,Mr.
45,09e292d4-f186-331c-ed95-c503acabc54e,official,Windler79,Gus973,Mr.
46,35b42dc6-fcb1-4a74-1d90-4213afe5b285,official,Ritchie586,Hank686,
47,3635f0e6-d517-43f9-c4b2-61ea16a60fa3,official,Fahey393,Hans694,Mr.
48,9ce2b3c9-0f19-e01b-d789-5cb0609583e6,official,Fritsch593,Hans694,
49,e7ffd26a-48e5-f10e-5565-2f4e8b09ee45,official,Littel644,Hans694,Mr.
50,a57f2290-27ed-6117-2989-f42ef6d291ab,official,Hintz995,Harland508,Mr.
51,2d6c10cf-fade-6e45-0064-674792ff5ef1,official,Grimes165,Harold594,Mr.
52,4cef483d-6b1b-a284-b8fd-1de7f5aba0a4,official,Champlin946,James276,Ms.
53,9c02362b-0a48-be5e-7296-e332e383ebd2,official,Hayes766,Jamey282,Mr.
54,2a0033b8-bd24-be26-eb24-8d6d9616b74f,official,Tillman293,Jan231,Mrs.
55,2a0033b8-bd24-be26-eb24-8d6d9616b74f,maiden,Torp761,Jan231,Mrs.
56,fae4f7e3-622f-290c-068f-6d03e71dd5c9,official,Weber641,Jan231,Mr.
57,9ebde11e-7248-e63c-25f9-4b793c3a5065,official,Nikolaus26,Jana258,Ms.
58,46b22d89-fe1a-3cf7-7ecb-b16c7390103f,official,Strosin214,Jane262,Ms.
59,37905eb6-a01d-0e34-a274-27ada76d3ccc,official,Gislason620,Kayce253,Ms.
60,b0bccf43-3bf5-217c-7315-9e44d106bb6b,official,Johns824,Kayce253,Mrs.
61,b0bccf43-3bf5-217c-7315-9e44d106bb6b,maiden,Wehner319,Kayce253,Mrs.
62,f8e9efe2-62db-29a2-46be-c72bad056ca8,official,Dibbert990,Kazuko67,Mrs.
63,f8e9efe2-62db-29a2-46be-c72bad056ca8,maiden,Glover433,Kazuko67,Mrs.
64,5310622a-3368-34f0-c14a-b992c71e7d59,official,Crooks415,Kelli207,Mrs.
65,5310622a-3368-34f0-c14a-b992c71e7d59,maiden,Kuhic920,Kelli207,Mrs.
66,67ae02d5-002b-6bba-1854-642eba13aa0f,official,Roberts511,Leon728,Mrs.
67,67ae02d5-002b-6bba-1854-642eba13aa0f,maiden,Schroeder447,Leon728,Mrs.
68,10bf6da8-ffa1-6913-a119-726634be754c,official,Schuppe920,Leonardo412,Mr.
69,718f37a0-cb8f-fb74-03d3-c242033e7a81,official,Rogahn59,Leonora414,
70,aad9d04b-bb30-2f47-d5dd-888b3b7bd831,official,Fritsch593,Les282,Mr.
71,6f1df156-8793-56a0-6df1-570bca4dcc07,official,Ebert178,Lesley194,
72,1d2875d4-f60d-df84-d3e1-12dbafa29bd4,official,Champlin946,Lesli455,Mrs.
73,1d2875d4-f60d-df84-d3e1-12dbafa29bd4,maiden,Stehr398,Lesli455,Mrs.
74,126a7e7a-958b-428b-907d-f2aa4fd7236b,official,Prohaska837,Lesli455,Mrs.
75,126a7e7a-958b-428b-907d-f2aa4fd7236b,maiden,Rolfson709,Lesli455,Mrs.
76,a8e9746e-f807-bbb1-bdc1-83ade842694d,official,Weissnat378,Leslie90,Mrs.
77,a8e9746e-f807-bbb1-bdc1-83ade842694d,maiden,Kovacek682,Leslie90,Mrs.
78,98ff843c-4be7-b0aa-cc4f-0462d049ecb8,official,Hackett68,Loyd638,Mr.
79,0ae2b985-af6e-485e-f0c5-fe0006c366e3,official,Russel238,Loyd638,Mr.
80,0ae69ba4-c609-45cc-f172-d55bac5df41e,official,Wiza601,Loyd638,
81,eb3007ac-5147-73e0-b6ad-20bbe8578a08,official,Rath779,Luana867,
82,d3406315-0e5e-e5e3-da71-b3c9802bd004,official,Predovic534,Luanne915,Mrs.
83,d3406315-0e5e-e5e3-da71-b3c9802bd004,maiden,Tromp100,Luanne915,Mrs.
84,4f0dc4bc-9ada-c8dd-31dc-ffcfbe80e186,official,Turcotte120,Luciano237,Mr.
85,a5ad8c5e-69af-ffe9-4de1-6e099852ff7d,official,Hessel84,Maria750,Mr.
86,c7eef66d-c5b9-f4da-bf58-550a8077ded6,official,Gleason633,Marian936,Mrs.
87,c7eef66d-c5b9-f4da-bf58-550a8077ded6,maiden,Cassin499,Marian936,Mrs.
88,f8c09661-fcd1-eeea-d61e-478109235532,official,Champlin946,Marianna323,Mrs.
89,f8c09661-fcd1-eeea-d61e-478109235532,maiden,Cremin516,Marianna323,Mrs.
90,4878889a-9b4f-22fc-7060-ed9f5c05940c,official,Patiño436,Mariano761,
91,aa4eae2c-733a-35f9-8869-d33a6015db23,official,Adorno791,María José279,Mrs.
92,aa4eae2c-733a-35f9-8869-d33a6015db23,maiden,Puga7,María José279,Mrs.
93,da6120a6-4557-7db3-b44c-43c38568c119,official,Labadie908,Rubi442,Ms.
94,ac56a3df-7399-e895-2a6e-6ae757f3f4a5,official,Quigley282,Rubin812,Mr.
95,4a627a30-b963-bd1c-58be-0499f24d9670,official,Walker122,Russell422,Mr.
96,c8c2969a-32d7-9694-ce15-378ae4d66413,official,Mills423,Ruthie901,Mrs.
97,c8c2969a-32d7-9694-ce15-378ae4d66413,maiden,Treutel973,Ruthie901,Mrs.
98,89ba9a77-7aed-6cb8-6795-fb21f0ec237c,official,Gulgowski816,Sachiko982,Ms.
99,15201e77-7e36-0667-73bc-013783e57649,official,Hodkiewicz467,Sandee884,Mrs.
100,15201e77-7e36-0667-73bc-013783e57649,maiden,Lang846,Sandee884,Mrs.
101,f38fe4a9-1634-144c-0147-53c0300c1561,official,Conn188,Sandy901,Mr.
102,686e4b2e-1f8d-7018-c335-1604a300121b,official,Barton704,Santiago500,Mr.
103,37d57af4-d27f-fb97-9b5c-a1090f5a57b7,official,Wyman904,Zachery872,Mr.
104,4995ca99-2ab9-3b18-a56e-c33d29e53af0,official,Schoen8,Zane918,Mr.
